Title,Price,Date
Apple Watch Series 10 GPS 42mm Rose Gold Aluminum Case with Plum Sport Loop,329.00,2025-01-04
Apple Watch Series 10 GPS 42mm Rose Gold Aluminum Case with Plum Sport Loop,329.00,2025-01-04
Apple Watch Series 10 GPS 42mm Rose Gold Aluminum Case with Plum Sport Loop,329.00,2025-01-04
Apple Watch Series 10 GPS 42mm Rose Gold Aluminum Case with Plum Sport Loop,329.00,2025-01-04
Apple Watch Series 10 GPS 42mm Rose Gold Aluminum Case with Plum Sport Loop,329.00,2025-01-04
Apple Watch Series 10 GPS 42mm Rose Gold Aluminum Case with Plum Sport Loop,329.00,2025-01-04
Apple Watch Series 10 GPS 42mm Rose Gold Aluminum Case with Plum Sport Loop,329.00,2025-01-04
Apple Watch Series 10 GPS 42mm Rose Gold Aluminum Case with Plum Sport Loop,329.00,2025-01-04
Apple Watch Series 10 GPS 42mm Rose Gold Aluminum Case with Plum Sport Loop,329.00,2025-01-04
